organism,drug_code,drug_name,drug_class,omega,period,AIC,month,seasonal_deviate,sem
E. coli,AMC,Amoxicillin/Clavulanate,Penicillins,1.0471975511965976,6,338158.55215689755,1,-0.010984143423588359,0.013081567029381104
E. coli,AMC,Amoxicillin/Clavulanate,Penicillins,1.0471975511965976,6,338158.55215689755,2,0.0066443149811013374,0.013886996555396111
E. coli,AMC,Amoxicillin/Clavulanate,Penicillins,1.0471975511965976,6,338158.55215689755,3,0.026827655619626887,0.013086408534230837
E. coli,AMC,Amoxicillin/Clavulanate,Penicillins,1.0471975511965976,6,338158.55215689755,4,0.011611756828548184,0.013416595634975832
E. coli,AMC,Amoxicillin/Clavulanate,Penicillins,1.0471975511965976,6,338158.55215689755,5,-0.008583332168541617,0.01271095264854345
E. coli,AMC,Amoxicillin/Clavulanate,Penicillins,1.0471975511965976,6,338158.55215689755,6,-0.02225741551900753,0.012408102482543973
E. coli,AMC,Amoxicillin/Clavulanate,Penicillins,1.0471975511965976,6,338158.55215689755,7,0.002405898540826126,0.012391172513614582
E. coli,AMC,Amoxicillin/Clavulanate,Penicillins,1.0471975511965976,6,338158.55215689755,8,0.0024794243100166144,0.012399488759786373
E. coli,AMC,Amoxicillin/Clavulanate,Penicillins,1.0471975511965976,6,338158.55215689755,9,0.005473590457364442,0.012443269053018475
E. coli,AMC,Amoxicillin/Clavulanate,Penicillins,1.0471975511965976,6,338158.55215689755,10,-0.008678218757272265,0.012074574338226398
E. coli,AMC,Amoxicillin/Clavulanate,Penicillins,1.0471975511965976,6,338158.55215689755,11,-0.006531740708344092,0.012753853925624534
E. coli,AMC,Amoxicillin/Clavulanate,Penicillins,1.0471975511965976,6,338158.55215689755,12,0.004888553941519361,0.012897094952920924
E. coli,AMC,Amoxicillin/Clavulanate,Penicillins,0.5235987755982988,12,338161.7577583569,1,-0.008063981410688769,0.013081529749191235
E. coli,AMC,Amoxicillin/Clavulanate,Penicillins,0.5235987755982988,12,338161.7577583569,2,0.008978738186368098,0.013887010738856455
E. coli,AMC,Amoxicillin/Clavulanate,Penicillins,0.5235987755982988,12,338161.7577583569,3,0.028582922523796836,0.01308643385215649
E. coli,AMC,Amoxicillin/Clavulanate,Penicillins,0.5235987755982988,12,338161.7577583569,4,0.012785408354595393,0.013416577135163744
E. coli,AMC,Amoxicillin/Clavulanate,Penicillins,0.5235987755982988,12,338161.7577583569,5,-0.007952532547603383,0.012710913706851665
E. coli,AMC,Amoxicillin/Clavulanate,Penicillins,0.5235987755982988,12,338161.7577583569,6,-0.022215175441242914,0.012408111580384677
E. coli,AMC,Amoxicillin/Clavulanate,Penicillins,0.5235987755982988,12,338161.7577583569,7,0.001857923355157792,0.012391192732878968
E. coli,AMC,Amoxicillin/Clavulanate,Penicillins,0.5235987755982988,12,338161.7577583569,8,0.0013418087622665228,0.01239948728198344
E. coli,AMC,Amoxicillin/Clavulanate,Penicillins,0.5235987755982988,12,338161.7577583569,9,0.0037479889290398566,0.012443231955217024
E. coli,AMC,Amoxicillin/Clavulanate,Penicillins,0.5235987755982988,12,338161.7577583569,10,-0.01098517168935864,0.012074557264856805
E. coli,AMC,Amoxicillin/Clavulanate,Penicillins,0.5235987755982988,12,338161.7577583569,11,-0.009426724356915883,0.012753891008319524
E. coli,AMC,Amoxicillin/Clavulanate,Penicillins,0.5235987755982988,12,338161.7577583569,12,0.0014255108440971826,0.012897150333576779
E. coli,AMP,Ampicillin,Penicillins,1.0471975511965976,6,521502.28676865145,1,-0.03861753350342871,0.017780467107600388
E. coli,AMP,Ampicillin,Penicillins,1.0471975511965976,6,521502.28676865145,2,-0.003349096973017566,0.01874371846364021
E. coli,AMP,Ampicillin,Penicillins,1.0471975511965976,6,521502.28676865145,3,0.020196318898546322,0.017574526975017223
E. coli,AMP,Ampicillin,Penicillins,1.0471975511965976,6,521502.28676865145,4,0.020825368621523333,0.01773034237435994
E. coli,AMP,Ampicillin,Penicillins,1.0471975511965976,6,521502.28676865145,5,0.016757227414312383,0.017336877807506777
E. coli,AMP,Ampicillin,Penicillins,1.0471975511965976,6,521502.28676865145,6,-0.005706923947602219,0.017213788346828
E. coli,AMP,Ampicillin,Penicillins,1.0471975511965976,6,521502.28676865145,7,-0.028642603913740943,0.01675527608389563
E. coli,AMP,Ampicillin,Penicillins,1.0471975511965976,6,521502.28676865145,8,-0.05168331962140594,0.016370238749803864
E. coli,AMP,Ampicillin,Penicillins,1.0471975511965976,6,521502.28676865145,9,-0.009089346226238021,0.016563322970112506
E. coli,AMP,Ampicillin,Penicillins,1.0471975511965976,6,521502.28676865145,10,0.03291898843366698,0.01628295651485659
E. coli,AMP,Ampicillin,Penicillins,1.0471975511965976,6,521502.28676865145,11,0.034111653616870415,0.017169331948847004
E. coli,AMP,Ampicillin,Penicillins,1.0471975511965976,6,521502.28676865145,12,0.018385702959861132,0.017323511064956634
E. coli,AMP,Ampicillin,Penicillins,0.5235987755982988,12,521508.61039307463,1,0.007346283899172875,0.017780436139273305
E. coli,AMP,Ampicillin,Penicillins,0.5235987755982988,12,521508.61039307463,2,0.03416165778977966,0.018743794403313724
E. coli,AMP,Ampicillin,Penicillins,0.5235987755982988,12,521508.61039307463,3,0.049223554663377626,0.017574492629542037
E. coli,AMP,Ampicillin,Penicillins,0.5235987755982988,12,521508.61039307463,4,0.04136923994607821,0.017730350285812716
E. coli,AMP,Ampicillin,Penicillins,0.5235987755982988,12,521508.61039307463,5,0.028824879851207554,0.01733686921068351
E. coli,AMP,Ampicillin,Penicillins,0.5235987755982988,12,521508.61039307463,6,-0.0021048371185406773,0.017213795525970483
E. coli,AMP,Ampicillin,Penicillins,0.5235987755982988,12,521508.61039307463,7,-0.03350944269543555,0.01675521886584786
E. coli,AMP,Ampicillin,Penicillins,0.5235987755982988,12,521508.61039307463,8,-0.06502154119023755,0.016370278164993982
E. coli,AMP,Ampicillin,Penicillins,0.5235987755982988,12,521508.61039307463,9,-0.030906037467074064,0.016563267686512277
E. coli,AMP,Ampicillin,Penicillins,0.5235987755982988,12,521508.61039307463,10,0.002631947685960386,0.016282925448962416
E. coli,AMP,Ampicillin,Penicillins,0.5235987755982988,12,521508.61039307463,11,-0.004662825419442153,0.017169399691238915
E. coli,AMP,Ampicillin,Penicillins,0.5235987755982988,12,521508.61039307463,12,-0.02878955777024497,0.017323557598680355
E. coli,CIP,Ciprofloxacin,Quinolones,1.0471975511965976,6,490148.0651519891,1,-0.034553354786437555,0.015573737304884216
E. coli,CIP,Ciprofloxacin,Quinolones,1.0471975511965976,6,490148.0651519891,2,-9.54722836709289e-4,0.01650169182534852
E. coli,CIP,Ciprofloxacin,Quinolones,1.0471975511965976,6,490148.0651519891,3,0.013578070433694482,0.015678629224071535
E. coli,CIP,Ciprofloxacin,Quinolones,1.0471975511965976,6,490148.0651519891,4,0.01741230111747073,0.015786326321738348
E. coli,CIP,Ciprofloxacin,Quinolones,1.0471975511965976,6,490148.0651519891,5,0.022353294636860557,0.015605353486535
E. coli,CIP,Ciprofloxacin,Quinolones,1.0471975511965976,6,490148.0651519891,6,-0.010926243429490024,0.015068735116130442
E. coli,CIP,Ciprofloxacin,Quinolones,1.0471975511965976,6,490148.0651519891,7,-0.003605474513854572,0.014765469416882239
E. coli,CIP,Ciprofloxacin,Quinolones,1.0471975511965976,6,490148.0651519891,8,-0.04203929295602983,0.014408061661451602
E. coli,CIP,Ciprofloxacin,Quinolones,1.0471975511965976,6,490148.0651519891,9,-0.027165042772796247,0.014475882954244535
E. coli,CIP,Ciprofloxacin,Quinolones,1.0471975511965976,6,490148.0651519891,10,0.011071121203938227,0.014471360020378745
E. coli,CIP,Ciprofloxacin,Quinolones,1.0471975511965976,6,490148.0651519891,11,0.026580280873105277,0.015446060867396753
E. coli,CIP,Ciprofloxacin,Quinolones,1.0471975511965976,6,490148.0651519891,12,0.035081353010603646,0.01547374310462797
E. coli,CIP,Ciprofloxacin,Quinolones,0.5235987755982988,12,490140.2205801627,1,0.015838207336669265,0.015573678672445017
E. coli,CIP,Ciprofloxacin,Quinolones,0.5235987755982988,12,490140.2205801627,2,0.04018988895261602,0.016501749130286337
E. coli,CIP,Ciprofloxacin,Quinolones,0.5235987755982988,12,490140.2205801627,3,0.045446205045004996,0.01567857167579302
E. coli,CIP,Ciprofloxacin,Quinolones,0.5235987755982988,12,490140.2205801627,4,0.039998960569182535,0.015786362264772997
E. coli,CIP,Ciprofloxacin,Quinolones,0.5235987755982988,12,490140.2205801627,5,0.03566012538520314,0.015605342317802874
E. coli,CIP,Ciprofloxacin,Quinolones,0.5235987755982988,12,490140.2205801627,6,-0.00689049700255816,0.015068754066605801
E. coli,CIP,Ciprofloxacin,Quinolones,0.5235987755982988,12,490140.2205801627,7,-0.008839701867515018,0.014765477952184847
E. coli,CIP,Ciprofloxacin,Quinolones,0.5235987755982988,12,490140.2205801627,8,-0.056545256259704364,0.014408109315003326
E. coli,CIP,Ciprofloxacin,Quinolones,0.5235987755982988,12,490140.2205801627,9,-0.05094713652333032,0.014475846126296528
E. coli,CIP,Ciprofloxacin,Quinolones,0.5235987755982988,12,490140.2205801627,10,-0.02198189809296423,0.014471324281161138
E. coli,CIP,Ciprofloxacin,Quinolones,0.5235987755982988,12,490140.2205801627,11,-0.015764433249347683,0.015446097867684758
E. coli,CIP,Ciprofloxacin,Quinolones,0.5235987755982988,12,490140.2205801627,12,-0.016470281441174163,0.015473744936924841
E. coli,NIT,Nitrofurantoin,Nitrofurans,1.0471975511965976,6,199845.53801132465,1,0.0047362907824369995,0.007157323233798452
E. coli,NIT,Nitrofurantoin,Nitrofurans,1.0471975511965976,6,199845.53801132465,2,-0.0042874437512495315,0.007453608444837372
E. coli,NIT,Nitrofurantoin,Nitrofurans,1.0471975511965976,6,199845.53801132465,3,0.0024177518385057302,0.007065396383707302
E. coli,NIT,Nitrofurantoin,Nitrofurans,1.0471975511965976,6,199845.53801132465,4,-0.008933162030763836,0.006985164759159139
E. coli,NIT,Nitrofurantoin,Nitrofurans,1.0471975511965976,6,199845.53801132465,5,0.02014503342351385,0.007271056802218823
E. coli,NIT,Nitrofurantoin,Nitrofurans,1.0471975511965976,6,199845.53801132465,6,-0.005655835937715043,0.00690701024720522
E. coli,NIT,Nitrofurantoin,Nitrofurans,1.0471975511965976,6,199845.53801132465,7,-0.017937509561871214,0.006612083281131931
E. coli,NIT,Nitrofurantoin,Nitrofurans,1.0471975511965976,6,199845.53801132465,8,-0.017581059516891907,0.006436392187105952
E. coli,NIT,Nitrofurantoin,Nitrofurans,1.0471975511965976,6,199845.53801132465,9,-0.02222959331081038,0.006484436764529009
E. coli,NIT,Nitrofurantoin,Nitrofurans,1.0471975511965976,6,199845.53801132465,10,-0.004649969487901911,0.006732979695386018
E. coli,NIT,Nitrofurantoin,Nitrofurans,1.0471975511965976,6,199845.53801132465,11,0.017255422359676822,0.007184605720079868
E. coli,NIT,Nitrofurantoin,Nitrofurans,1.0471975511965976,6,199845.53801132465,12,0.04178496761638893,0.007177791681393635
E. coli,NIT,Nitrofurantoin,Nitrofurans,0.5235987755982988,12,199824.5513925181,1,0.03285858112946698,0.007157271990909579
E. coli,NIT,Nitrofurantoin,Nitrofurans,0.5235987755982988,12,199824.5513925181,2,0.01844453690130893,0.007453508400778216
E. coli,NIT,Nitrofurantoin,Nitrofurans,0.5235987755982988,12,199824.5513925181,3,0.019862728063952697,0.007065482832242436
E. coli,NIT,Nitrofurantoin,Nitrofurans,0.5235987755982988,12,199824.5513925181,4,0.0031962119640394655,0.006985333112744764
E. coli,NIT,Nitrofurantoin,Nitrofurans,0.5235987755982988,12,199824.5513925181,5,0.026930494494146945,0.007271607017617243
E. coli,NIT,Nitrofurantoin,Nitrofurans,0.5235987755982988,12,199824.5513925181,6,-0.0041568412175130515,0.006906287953159514
E. coli,NIT,Nitrofurantoin,Nitrofurans,0.5235987755982988,12,199824.5513925181,7,-0.020960007011292896,0.006612047518157993
E. coli,NIT,Nitrofurantoin,Nitrofurans,0.5235987755982988,12,199824.5513925181,8,-0.025692511644435433,0.006436388240243432
E. coli,NIT,Nitrofurantoin,Nitrofurans,0.5235987755982988,12,199824.5513925181,9,-0.03541780623177912,0.006484468731814532
E. coli,NIT,Nitrofurantoin,Nitrofurans,0.5235987755982988,12,199824.5513925181,10,-0.022924840586607317,0.006732962207026852
E. coli,NIT,Nitrofurantoin,Nitrofurans,0.5235987755982988,12,199824.5513925181,11,-0.0061136398248811934,0.007184629236243633
E. coli,NIT,Nitrofurantoin,Nitrofurans,0.5235987755982988,12,199824.5513925181,12,0.013345580281891738,0.007177729106290381
E. coli,TET,Tetracycline,Tetracyclines,1.0471975511965976,6,421906.60762653785,1,-0.030210965674893796,0.01967309734774084
E. coli,TET,Tetracycline,Tetracyclines,1.0471975511965976,6,421906.60762653785,2,0.03937567330087774,0.02092996874958223
E. coli,TET,Tetracycline,Tetracyclines,1.0471975511965976,6,421906.60762653785,3,-0.005430797875173724,0.019781785541988752
E. coli,TET,Tetracycline,Tetracyclines,1.0471975511965976,6,421906.60762653785,4,-0.021796371962138402,0.019846096633210297
E. coli,TET,Tetracycline,Tetracyclines,1.0471975511965976,6,421906.60762653785,5,0.026264605468071,0.019183047885780385
E. coli,TET,Tetracycline,Tetracyclines,1.0471975511965976,6,421906.60762653785,6,0.018276966679587888,0.018879926304351594
E. coli,TET,Tetracycline,Tetracyclines,1.0471975511965976,6,421906.60762653785,7,-0.03456130629770822,0.0182521958102504
E. coli,TET,Tetracycline,Tetracyclines,1.0471975511965976,6,421906.60762653785,8,-0.02871800497145227,0.017820925887671143
E. coli,TET,Tetracycline,Tetracyclines,1.0471975511965976,6,421906.60762653785,9,0.008959845676047996,0.018065237410224488
E. coli,TET,Tetracycline,Tetracyclines,1.0471975511965976,6,421906.60762653785,10,0.021175421086104425,0.017923330217010508
E. coli,TET,Tetracycline,Tetracyclines,1.0471975511965976,6,421906.60762653785,11,-0.004215056686155782,0.018902945926097234
E. coli,TET,Tetracycline,Tetracyclines,1.0471975511965976,6,421906.60762653785,12,0.015188588489728105,0.019006993614468264
E. coli,TET,Tetracycline,Tetracyclines,0.5235987755982988,12,421906.92344800173,1,-0.011269360826483133,0.019673112342388763
E. coli,TET,Tetracycline,Tetracyclines,0.5235987755982988,12,421906.92344800173,2,0.054836193157055645,0.020929985469315706
E. coli,TET,Tetracycline,Tetracyclines,0.5235987755982988,12,421906.92344800173,3,0.006534815141909597,0.019781765946012074
E. coli,TET,Tetracycline,Tetracyclines,0.5235987755982988,12,421906.92344800173,4,-0.013324299704049535,0.01984608630412489
E. coli,TET,Tetracycline,Tetracyclines,0.5235987755982988,12,421906.92344800173,5,0.030904283974905893,0.019182994511818145
E. coli,TET,Tetracycline,Tetracyclines,0.5235987755982988,12,421906.92344800173,6,0.019525176232254797,0.01887975788261533
E. coli,TET,Tetracycline,Tetracyclines,0.5235987755982988,12,421906.92344800173,7,-0.036732599050403825,0.018252277826861944
E. coli,TET,Tetracycline,Tetracyclines,0.5235987755982988,12,421906.92344800173,8,-0.03429115805355343,0.01782098915375485
E. coli,TET,Tetracycline,Tetracyclines,0.5235987755982988,12,421906.92344800173,9,-3.4161248208875715e-5,0.01806520209857838
E. coli,TET,Tetracycline,Tetracyclines,0.5235987755982988,12,421906.92344800173,10,0.008765138587069404,0.017923283002553782
E. coli,TET,Tetracycline,Tetracyclines,0.5235987755982988,12,421906.92344800173,11,-0.020049892579303823,0.018902953412288113
E. coli,TET,Tetracycline,Tetracyclines,0.5235987755982988,12,421906.92344800173,12,-0.004040812127170441,0.01900717981640203
K. pneumoniae,AMC,Amoxicillin/Clavulanate,Penicillins,1.0471975511965976,6,64320.86092868488,1,-0.020096661218366573,0.026565818033586475
K. pneumoniae,AMC,Amoxicillin/Clavulanate,Penicillins,1.0471975511965976,6,64320.86092868488,2,0.006164256908033781,0.029722860752840703
K. pneumoniae,AMC,Amoxicillin/Clavulanate,Penicillins,1.0471975511965976,6,64320.86092868488,3,-0.001984919705514485,0.02678696767121046
K. pneumoniae,AMC,Amoxicillin/Clavulanate,Penicillins,1.0471975511965976,6,64320.86092868488,4,0.03753276944547129,0.02788680204787911
K. pneumoniae,AMC,Amoxicillin/Clavulanate,Penicillins,1.0471975511965976,6,64320.86092868488,5,0.008517284938621143,0.026020695627052844
K. pneumoniae,AMC,Amoxicillin/Clavulanate,Penicillins,1.0471975511965976,6,64320.86092868488,6,-0.013333956400313058,0.02372202689288469
K. pneumoniae,AMC,Amoxicillin/Clavulanate,Penicillins,1.0471975511965976,6,64320.86092868488,7,0.006354959231153302,0.023055879189772355
K. pneumoniae,AMC,Amoxicillin/Clavulanate,Penicillins,1.0471975511965976,6,64320.86092868488,8,-0.002746808405148813,0.02148220968065345
K. pneumoniae,AMC,Amoxicillin/Clavulanate,Penicillins,1.0471975511965976,6,64320.86092868488,9,-0.003269648581593984,0.022084853755101712
K. pneumoniae,AMC,Amoxicillin/Clavulanate,Penicillins,1.0471975511965976,6,64320.86092868488,10,-0.05294255287860396,0.02236019474840132
K. pneumoniae,AMC,Amoxicillin/Clavulanate,Penicillins,1.0471975511965976,6,64320.86092868488,11,0.018458637295645286,0.02515789912156267
K. pneumoniae,AMC,Amoxicillin/Clavulanate,Penicillins,1.0471975511965976,6,64320.86092868488,12,0.03150490317225243,0.025391992440074587
K. pneumoniae,AMC,Amoxicillin/Clavulanate,Penicillins,0.5235987755982988,12,64317.20432113712,1,0.011183121397425283,0.02656519328606123
K. pneumoniae,AMC,Amoxicillin/Clavulanate,Penicillins,0.5235987755982988,12,64317.20432113712,2,0.03166135886450436,0.029721932230790362
K. pneumoniae,AMC,Amoxicillin/Clavulanate,Penicillins,0.5235987755982988,12,64317.20432113712,3,0.0176795110962059,0.026787163328245753
K. pneumoniae,AMC,Amoxicillin/Clavulanate,Penicillins,0.5235987755982988,12,64317.20432113712,4,0.05129617716967951,0.027887102622429848
K. pneumoniae,AMC,Amoxicillin/Clavulanate,Penicillins,0.5235987755982988,12,64317.20432113712,5,0.016219998135829312,0.026020551837998396
K. pneumoniae,AMC,Amoxicillin/Clavulanate,Penicillins,0.5235987755982988,12,64317.20432113712,6,-0.011509762642228102,0.02372260265066614
K. pneumoniae,AMC,Amoxicillin/Clavulanate,Penicillins,0.5235987755982988,12,64317.20432113712,7,0.0023109389198589414,0.02305560590525039
K. pneumoniae,AMC,Amoxicillin/Clavulanate,Penicillins,0.5235987755982988,12,64317.20432113712,8,-0.012676764881694193,0.02148230259700529
K. pneumoniae,AMC,Amoxicillin/Clavulanate,Penicillins,0.5235987755982988,12,64317.20432113712,9,-0.019096397781949236,0.022085002089484898
K. pneumoniae,AMC,Amoxicillin/Clavulanate,Penicillins,0.5235987755982988,12,64317.20432113712,10,-0.07467036772699165,0.02236037236024871
K. pneumoniae,AMC,Amoxicillin/Clavulanate,Penicillins,0.5235987755982988,12,64317.20432113712,11,-0.00909550195455301,0.025158161751982697
K. pneumoniae,AMC,Amoxicillin/Clavulanate,Penicillins,0.5235987755982988,12,64317.20432113712,12,-0.0019382433462642058,0.02539170177707619
K. pneumoniae,CIP,Ciprofloxacin,Quinolones,1.0471975511965976,6,88956.52247576276,1,-0.0011410238619903334,0.028672079792306068
K. pneumoniae,CIP,Ciprofloxacin,Quinolones,1.0471975511965976,6,88956.52247576276,2,-0.013508579168747273,0.03158210281511185
K. pneumoniae,CIP,Ciprofloxacin,Quinolones,1.0471975511965976,6,88956.52247576276,3,0.021652714491741668,0.029748386391364724
K. pneumoniae,CIP,Ciprofloxacin,Quinolones,1.0471975511965976,6,88956.52247576276,4,0.06180868269956211,0.030413300561782437
K. pneumoniae,CIP,Ciprofloxacin,Quinolones,1.0471975511965976,6,88956.52247576276,5,-0.026429688524789104,0.027157986220595717
K. pneumoniae,CIP,Ciprofloxacin,Quinolones,1.0471975511965976,6,88956.52247576276,6,-0.01809452937614947,0.024904290435269774
K. pneumoniae,CIP,Ciprofloxacin,Quinolones,1.0471975511965976,6,88956.52247576276,7,-0.041701635640783295,0.02393342732085031
K. pneumoniae,CIP,Ciprofloxacin,Quinolones,1.0471975511965976,6,88956.52247576276,8,-0.04222964541956918,0.022374593542781564
K. pneumoniae,CIP,Ciprofloxacin,Quinolones,1.0471975511965976,6,88956.52247576276,9,-0.0028334674828771654,0.023320578968946095
K. pneumoniae,CIP,Ciprofloxacin,Quinolones,1.0471975511965976,6,88956.52247576276,10,-0.002288152726399447,0.024269695411405983
K. pneumoniae,CIP,Ciprofloxacin,Quinolones,1.0471975511965976,6,88956.52247576276,11,0.02517736218343863,0.02610435875890622
K. pneumoniae,CIP,Ciprofloxacin,Quinolones,1.0471975511965976,6,88956.52247576276,12,0.06177166638580412,0.026722321815373384
K. pneumoniae,CIP,Ciprofloxacin,Quinolones,0.5235987755982988,12,88947.51535255469,1,0.0433945769021982,0.028671506507729184
K. pneumoniae,CIP,Ciprofloxacin,Quinolones,0.5235987755982988,12,88947.51535255469,2,0.02257858953142267,0.03158075028114766
K. pneumoniae,CIP,Ciprofloxacin,Quinolones,0.5235987755982988,12,88947.51535255469,3,0.04925170829146003,0.029749751251012264
K. pneumoniae,CIP,Ciprofloxacin,Quinolones,0.5235987755982988,12,88947.51535255469,4,0.08094268456829017,0.030413929685325317
K. pneumoniae,CIP,Ciprofloxacin,Quinolones,0.5235987755982988,12,88947.51535255469,5,-0.015772862585307974,0.027158107408466452
K. pneumoniae,CIP,Ciprofloxacin,Quinolones,0.5235987755982988,12,88947.51535255469,6,-0.015880654640941474,0.02490451741764395
K. pneumoniae,CIP,Ciprofloxacin,Quinolones,0.5235987755982988,12,88947.51535255469,7,-0.04790176423904608,0.023933320185989197
K. pneumoniae,CIP,Ciprofloxacin,Quinolones,0.5235987755982988,12,88947.51535255469,8,-0.056813395881019794,0.022375150169333988
K. pneumoniae,CIP,Ciprofloxacin,Quinolones,0.5235987755982988,12,88947.51535255469,9,-0.02584219488967437,0.023320124020072008
K. pneumoniae,CIP,Ciprofloxacin,Quinolones,0.5235987755982988,12,88947.51535255469,10,-0.03381846655148373,0.024269177426598586
K. pneumoniae,CIP,Ciprofloxacin,Quinolones,0.5235987755982988,12,88947.51535255469,11,-0.014603972493486092,0.026104829059424045
K. pneumoniae,CIP,Ciprofloxacin,Quinolones,0.5235987755982988,12,88947.51535255469,12,0.0137008109734609,0.026721636602659093
K. pneumoniae,NIT,Nitrofurantoin,Nitrofurans,1.0471975511965976,6,66805.08641111276,1,0.04772383686704999,0.029883005146171687
K. pneumoniae,NIT,Nitrofurantoin,Nitrofurans,1.0471975511965976,6,66805.08641111276,2,0.021164316033370403,0.03211312224923337
K. pneumoniae,NIT,Nitrofurantoin,Nitrofurans,1.0471975511965976,6,66805.08641111276,3,-0.03911892810563304,0.03008871789624573
K. pneumoniae,NIT,Nitrofurantoin,Nitrofurans,1.0471975511965976,6,66805.08641111276,4,0.00969413825929649,0.031991240090053295
K. pneumoniae,NIT,Nitrofurantoin,Nitrofurans,1.0471975511965976,6,66805.08641111276,5,-0.03737769083920485,0.028751882541657052
K. pneumoniae,NIT,Nitrofurantoin,Nitrofurans,1.0471975511965976,6,66805.08641111276,6,0.009617045051269486,0.027083614742952403
K. pneumoniae,NIT,Nitrofurantoin,Nitrofurans,1.0471975511965976,6,66805.08641111276,7,-0.04542988531965556,0.02819484677676012
K. pneumoniae,NIT,Nitrofurantoin,Nitrofurans,1.0471975511965976,6,66805.08641111276,8,-0.041834741015888105,0.026232566496721878
K. pneumoniae,NIT,Nitrofurantoin,Nitrofurans,1.0471975511965976,6,66805.08641111276,9,0.0369178400726926,0.02585246436393821
K. pneumoniae,NIT,Nitrofurantoin,Nitrofurans,1.0471975511965976,6,66805.08641111276,10,-0.029200094704261485,0.0273579897162493
K. pneumoniae,NIT,Nitrofurantoin,Nitrofurans,1.0471975511965976,6,66805.08641111276,11,0.06730584566572326,0.02834494281082613
K. pneumoniae,NIT,Nitrofurantoin,Nitrofurans,1.0471975511965976,6,66805.08641111276,12,0.01463521118511447,0.027846558114343493
K. pneumoniae,NIT,Nitrofurantoin,Nitrofurans,0.5235987755982988,12,66798.49084531929,1,0.040702296192734966,0.029883733075992645
K. pneumoniae,NIT,Nitrofurantoin,Nitrofurans,0.5235987755982988,12,66798.49084531929,2,0.014433691025797222,0.03210840357784585
K. pneumoniae,NIT,Nitrofurantoin,Nitrofurans,0.5235987755982988,12,66798.49084531929,3,-0.04508684807913301,0.0300909607100914
K. pneumoniae,NIT,Nitrofurantoin,Nitrofurans,0.5235987755982988,12,66798.49084531929,4,0.004491686605774872,0.03199221809270566
K. pneumoniae,NIT,Nitrofurantoin,Nitrofurans,0.5235987755982988,12,66798.49084531929,5,-0.042062037659786826,0.028759452245715158
K. pneumoniae,NIT,Nitrofurantoin,Nitrofurans,0.5235987755982988,12,66798.49084531929,6,0.0059971829211948385,0.027075593575019312
K. pneumoniae,NIT,Nitrofurantoin,Nitrofurans,0.5235987755982988,12,66798.49084531929,7,-0.04573522791312787,0.028194740967893078
K. pneumoniae,NIT,Nitrofurantoin,Nitrofurans,0.5235987755982988,12,66798.49084531929,8,-0.040568893811648764,0.026232362641957354
K. pneumoniae,NIT,Nitrofurantoin,Nitrofurans,0.5235987755982988,12,66798.49084531929,9,0.039716861372734315,0.02585269583966756
K. pneumoniae,NIT,Nitrofurantoin,Nitrofurans,0.5235987755982988,12,66798.49084531929,10,-0.02490987125534691,0.027357837774204582
K. pneumoniae,NIT,Nitrofurantoin,Nitrofurans,0.5235987755982988,12,66798.49084531929,11,0.07314056826594532,0.02834544390038298
K. pneumoniae,NIT,Nitrofurantoin,Nitrofurans,0.5235987755982988,12,66798.49084531929,12,0.02206714158869678,0.02784671989459066
K. pneumoniae,TET,Tetracycline,Tetracyclines,1.0471975511965976,6,80237.0199394204,1,-0.020349412103173713,0.03684950975079775
K. pneumoniae,TET,Tetracycline,Tetracyclines,1.0471975511965976,6,80237.0199394204,2,0.0383574437709973,0.0416768630115741
K. pneumoniae,TET,Tetracycline,Tetracyclines,1.0471975511965976,6,80237.0199394204,3,-0.011302463012109255,0.03819478157398357
K. pneumoniae,TET,Tetracycline,Tetracyclines,1.0471975511965976,6,80237.0199394204,4,0.06106171001477841,0.039565157484101096
K. pneumoniae,TET,Tetracycline,Tetracyclines,1.0471975511965976,6,80237.0199394204,5,-0.048454677165030414,0.03591031416884344
K. pneumoniae,TET,Tetracycline,Tetracyclines,1.0471975511965976,6,80237.0199394204,6,0.016085538732652307,0.03495791704024571
K. pneumoniae,TET,Tetracycline,Tetracyclines,1.0471975511965976,6,80237.0199394204,7,-0.013145843543882051,0.033293466661627885
K. pneumoniae,TET,Tetracycline,Tetracyclines,1.0471975511965976,6,80237.0199394204,8,0.02820449283217962,0.03181306379056806
K. pneumoniae,TET,Tetracycline,Tetracyclines,1.0471975511965976,6,80237.0199394204,9,0.02011507482044628,0.033172607715664666
K. pneumoniae,TET,Tetracycline,Tetracyclines,1.0471975511965976,6,80237.0199394204,10,-0.042408485437411506,0.033215083890906646
K. pneumoniae,TET,Tetracycline,Tetracyclines,1.0471975511965976,6,80237.0199394204,11,-0.02512952497219809,0.03561223490639005
K. pneumoniae,TET,Tetracycline,Tetracyclines,1.0471975511965976,6,80237.0199394204,12,0.008566650224288245,0.03579546776152692
K. pneumoniae,TET,Tetracycline,Tetracyclines,0.5235987755982988,12,80238.28560082157,1,-0.02280025678973318,0.03684998894113037
K. pneumoniae,TET,Tetracycline,Tetracyclines,0.5235987755982988,12,80238.28560082157,2,0.03624136478176664,0.04167694197336716
K. pneumoniae,TET,Tetracycline,Tetracyclines,0.5235987755982988,12,80238.28560082157,3,-0.013055243535952178,0.038193937784369726
K. pneumoniae,TET,Tetracycline,Tetracyclines,0.5235987755982988,12,80238.28560082157,4,0.05965669976878916,0.03956476068600345
K. pneumoniae,TET,Tetracycline,Tetracyclines,0.5235987755982988,12,80238.28560082157,5,-0.04889221738575097,0.03590901818848972
K. pneumoniae,TET,Tetracycline,Tetracyclines,0.5235987755982988,12,80238.28560082157,6,0.01572369211482451,0.0349583584381143
K. pneumoniae,TET,Tetracycline,Tetracyclines,0.5235987755982988,12,80238.28560082157,7,-0.013306211582550371,0.03329425942308609
K. pneumoniae,TET,Tetracycline,Tetracyclines,0.5235987755982988,12,80238.28560082157,8,0.028191582694070443,0.031813201837943034
K. pneumoniae,TET,Tetracycline,Tetracyclines,0.5235987755982988,12,80238.28560082157,9,0.020345365468335708,0.033172675013961594
K. pneumoniae,TET,Tetracycline,Tetracyclines,0.5235987755982988,12,80238.28560082157,10,-0.04198647242938614,0.03321517634984875
K. pneumoniae,TET,Tetracycline,Tetracyclines,0.5235987755982988,12,80238.28560082157,11,-0.024446065976695547,0.03561149877349648
K. pneumoniae,TET,Tetracycline,Tetracyclines,0.5235987755982988,12,80238.28560082157,12,0.009445880992762798,0.03579630255351561
S. aureus,CIP,Ciprofloxacin,Quinolones,1.0471975511965976,6,187099.97489366625,1,0.017758125045115345,0.02893620427820038
S. aureus,CIP,Ciprofloxacin,Quinolones,1.0471975511965976,6,187099.97489366625,2,0.02291287153278024,0.03017164297027945
S. aureus,CIP,Ciprofloxacin,Quinolones,1.0471975511965976,6,187099.97489366625,3,0.06058612708969079,0.028890637262467093
S. aureus,CIP,Ciprofloxacin,Quinolones,1.0471975511965976,6,187099.97489366625,4,-0.022519904710156628,0.029287392639112526
S. aureus,CIP,Ciprofloxacin,Quinolones,1.0471975511965976,6,187099.97489366625,5,-0.011885932781418852,0.027792254999390902
S. aureus,CIP,Ciprofloxacin,Quinolones,1.0471975511965976,6,187099.97489366625,6,-0.0588755610864333,0.02734111242969835
S. aureus,CIP,Ciprofloxacin,Quinolones,1.0471975511965976,6,187099.97489366625,7,-0.008349977589713729,0.026384123179687885
S. aureus,CIP,Ciprofloxacin,Quinolones,1.0471975511965976,6,187099.97489366625,8,-0.029944424464523042,0.025733185651963607
S. aureus,CIP,Ciprofloxacin,Quinolones,1.0471975511965976,6,187099.97489366625,9,-0.01314344774270441,0.026304848345340352
S. aureus,CIP,Ciprofloxacin,Quinolones,1.0471975511965976,6,187099.97489366625,10,-0.01815753618453683,0.02673131704334145
S. aureus,CIP,Ciprofloxacin,Quinolones,1.0471975511965976,6,187099.97489366625,11,0.01530119876807959,0.028040630566083937
S. aureus,CIP,Ciprofloxacin,Quinolones,1.0471975511965976,6,187099.97489366625,12,0.059662864005349606,0.028122787032309356
S. aureus,CIP,Ciprofloxacin,Quinolones,0.5235987755982988,12,187088.31226623966,1,0.03497457516573319,0.028936278518393213
S. aureus,CIP,Ciprofloxacin,Quinolones,0.5235987755982988,12,187088.31226623966,2,0.036783088206518266,0.030172375505283525
S. aureus,CIP,Ciprofloxacin,Quinolones,0.5235987755982988,12,187088.31226623966,3,0.0710794640343407,0.028890811016693
S. aureus,CIP,Ciprofloxacin,Quinolones,0.5235987755982988,12,187088.31226623966,4,-0.015406421950969336,0.029287428314315224
S. aureus,CIP,Ciprofloxacin,Quinolones,0.5235987755982988,12,187088.31226623966,5,-0.009789776241273212,0.02779144839666625
S. aureus,CIP,Ciprofloxacin,Quinolones,0.5235987755982988,12,187088.31226623966,6,-0.059790772258603214,0.027339429960160824
S. aureus,CIP,Ciprofloxacin,Quinolones,0.5235987755982988,12,187088.31226623966,7,-0.012288820450090762,0.02638488595503323
S. aureus,CIP,Ciprofloxacin,Quinolones,0.5235987755982988,12,187088.31226623966,8,-0.03678512432356858,0.025733074803990594
S. aureus,CIP,Ciprofloxacin,Quinolones,0.5235987755982988,12,187088.31226623966,9,-0.022983128252163247,0.02630500990107092
S. aureus,CIP,Ciprofloxacin,Quinolones,0.5235987755982988,12,187088.31226623966,10,-0.03095678325078796,0.026731068168623542
S. aureus,CIP,Ciprofloxacin,Quinolones,0.5235987755982988,12,187088.31226623966,11,-4.0590475820850554e-4,0.02804045063248854
S. aureus,CIP,Ciprofloxacin,Quinolones,0.5235987755982988,12,187088.31226623966,12,0.040869384310810754,0.02812305122095227
S. aureus,ERY,Erythromycin,Macrolides,1.0471975511965976,6,216290.20051123304,1,0.005725029653229718,0.039710979776376415
S. aureus,ERY,Erythromycin,Macrolides,1.0471975511965976,6,216290.20051123304,2,0.023151093081255927,0.04174637642255832
S. aureus,ERY,Erythromycin,Macrolides,1.0471975511965976,6,216290.20051123304,3,0.07947486509341643,0.03945801272329264
S. aureus,ERY,Erythromycin,Macrolides,1.0471975511965976,6,216290.20051123304,4,0.01704364977369521,0.040762949888654317
S. aureus,ERY,Erythromycin,Macrolides,1.0471975511965976,6,216290.20051123304,5,-0.022010384528617515,0.03882056598324715
S. aureus,ERY,Erythromycin,Macrolides,1.0471975511965976,6,216290.20051123304,6,-0.11452881484707748,0.0384813382476957
S. aureus,ERY,Erythromycin,Macrolides,1.0471975511965976,6,216290.20051123304,7,0.004456679664968902,0.0370144387828193
S. aureus,ERY,Erythromycin,Macrolides,1.0471975511965976,6,216290.20051123304,8,-0.04289945334918938,0.03664369138377552
S. aureus,ERY,Erythromycin,Macrolides,1.0471975511965976,6,216290.20051123304,9,0.021262674953258554,0.03713621321729921
S. aureus,ERY,Erythromycin,Macrolides,1.0471975511965976,6,216290.20051123304,10,-0.012746893653191135,0.0375065363497227
S. aureus,ERY,Erythromycin,Macrolides,1.0471975511965976,6,216290.20051123304,11,0.0205311855389344,0.039012016383819376
S. aureus,ERY,Erythromycin,Macrolides,1.0471975511965976,6,216290.20051123304,12,0.035104389521481975,0.03888046131686289
S. aureus,ERY,Erythromycin,Macrolides,0.5235987755982988,12,216286.69505671426,1,0.014547415244462578,0.03971125080760807
S. aureus,ERY,Erythromycin,Macrolides,0.5235987755982988,12,216286.69505671426,2,0.030145460332678307,0.04174735295549302
S. aureus,ERY,Erythromycin,Macrolides,0.5235987755982988,12,216286.69505671426,3,0.08456022178579917,0.03945833487408809
S. aureus,ERY,Erythromycin,Macrolides,0.5235987755982988,12,216286.69505671426,4,0.020270823657128165,0.040762698308445124
S. aureus,ERY,Erythromycin,Macrolides,0.5235987755982988,12,216286.69505671426,5,-0.022014921803368538,0.03881976106300177
S. aureus,ERY,Erythromycin,Macrolides,0.5235987755982988,12,216286.69505671426,6,-0.116066902845032,0.03847870410445956
S. aureus,ERY,Erythromycin,Macrolides,0.5235987755982988,12,216286.69505671426,7,0.001373374322029117,0.03701553278707627
S. aureus,ERY,Erythromycin,Macrolides,0.5235987755982988,12,216286.69505671426,8,-0.04745127592738598,0.03664340146782025
S. aureus,ERY,Erythromycin,Macrolides,0.5235987755982988,12,216286.69505671426,9,0.015202364541731201,0.03713633694077232
S. aureus,ERY,Erythromycin,Macrolides,0.5235987755982988,12,216286.69505671426,10,-0.020311023644798025,0.03750624832941558
S. aureus,ERY,Erythromycin,Macrolides,0.5235987755982988,12,216286.69505671426,11,0.01155978645180601,0.03901175566838942
S. aureus,ERY,Erythromycin,Macrolides,0.5235987755982988,12,216286.69505671426,12,0.024543813419300897,0.03888159371290559
S. aureus,NIT,Nitrofurantoin,Nitrofurans,1.0471975511965976,6,52464.98813104981,1,-0.014273492045505029,0.00960308768682805
S. aureus,NIT,Nitrofurantoin,Nitrofurans,1.0471975511965976,6,52464.98813104981,2,0.005756344283518293,0.010223111881439826
S. aureus,NIT,Nitrofurantoin,Nitrofurans,1.0471975511965976,6,52464.98813104981,3,0.018573911155584127,0.009653882225311541
S. aureus,NIT,Nitrofurantoin,Nitrofurans,1.0471975511965976,6,52464.98813104981,4,0.032524306941717936,0.009809246716236253
S. aureus,NIT,Nitrofurantoin,Nitrofurans,1.0471975511965976,6,52464.98813104981,5,-0.016051786716425622,0.009725987304490907
S. aureus,NIT,Nitrofurantoin,Nitrofurans,1.0471975511965976,6,52464.98813104981,6,-0.012928217002038543,0.00930618129959012
S. aureus,NIT,Nitrofurantoin,Nitrofurans,1.0471975511965976,6,52464.98813104981,7,-0.03435375289688578,0.009084203605095842
S. aureus,NIT,Nitrofurantoin,Nitrofurans,1.0471975511965976,6,52464.98813104981,8,-0.03882958832595235,0.00896625943732538
S. aureus,NIT,Nitrofurantoin,Nitrofurans,1.0471975511965976,6,52464.98813104981,9,-0.0019767407532001982,0.008973602535578407
S. aureus,NIT,Nitrofurantoin,Nitrofurans,1.0471975511965976,6,52464.98813104981,10,0.016346503588385602,0.00922160800800803
S. aureus,NIT,Nitrofurantoin,Nitrofurans,1.0471975511965976,6,52464.98813104981,11,0.03543797154783066,0.009663604130182784
S. aureus,NIT,Nitrofurantoin,Nitrofurans,1.0471975511965976,6,52464.98813104981,12,0.02229791950249532,0.009432158896882637
S. aureus,NIT,Nitrofurantoin,Nitrofurans,0.5235987755982988,12,52448.29010073587,1,0.016275417861860507,0.009601009764615134
S. aureus,NIT,Nitrofurantoin,Nitrofurans,0.5235987755982988,12,52448.29010073587,2,0.03035177997637754,0.010223180811232326
S. aureus,NIT,Nitrofurantoin,Nitrofurans,0.5235987755982988,12,52448.29010073587,3,0.037115771207132914,0.0096538670758556
S. aureus,NIT,Nitrofurantoin,Nitrofurans,0.5235987755982988,12,52448.29010073587,4,0.04517465541855052,0.009809373767948458
S. aureus,NIT,Nitrofurantoin,Nitrofurans,0.5235987755982988,12,52448.29010073587,5,-0.010639650402205438,0.009728246486428909
S. aureus,NIT,Nitrofurantoin,Nitrofurans,0.5235987755982988,12,52448.29010073587,6,-0.013042171662734406,0.009303955385309098
S. aureus,NIT,Nitrofurantoin,Nitrofurans,0.5235987755982988,12,52448.29010073587,7,-0.038625052130635655,0.009082060314612065
S. aureus,NIT,Nitrofurantoin,Nitrofurans,0.5235987755982988,12,52448.29010073587,8,-0.04821018756886274,0.008967167954997064
S. aureus,NIT,Nitrofurantoin,Nitrofurans,0.5235987755982988,12,52448.29010073587,9,-0.016531515643426913,0.008973055915821766
S. aureus,NIT,Nitrofurantoin,Nitrofurans,0.5235987755982988,12,52448.29010073587,10,-0.003389539582006406,0.009221569012976967
S. aureus,NIT,Nitrofurantoin,Nitrofurans,0.5235987755982988,12,52448.29010073587,11,0.010613985683918482,0.009668095470652786
S. aureus,NIT,Nitrofurantoin,Nitrofurans,0.5235987755982988,12,52448.29010073587,12,-0.007757124910608998,0.009428196602636833
S. aureus,OXA,Oxacillin,Penicillins,1.0471975511965976,6,182929.5064772086,1,0.035831308932338615,0.027756979963431364
S. aureus,OXA,Oxacillin,Penicillins,1.0471975511965976,6,182929.5064772086,2,0.0031241193493701126,0.02959687031135223
S. aureus,OXA,Oxacillin,Penicillins,1.0471975511965976,6,182929.5064772086,3,0.033440773525482546,0.027818212924372022
S. aureus,OXA,Oxacillin,Penicillins,1.0471975511965976,6,182929.5064772086,4,0.0020700598774059187,0.028717879391519038
S. aureus,OXA,Oxacillin,Penicillins,1.0471975511965976,6,182929.5064772086,5,-0.0318077151851454,0.02688513293257456
S. aureus,OXA,Oxacillin,Penicillins,1.0471975511965976,6,182929.5064772086,6,-0.050445369048764246,0.026969679631788087
S. aureus,OXA,Oxacillin,Penicillins,1.0471975511965976,6,182929.5064772086,7,0.014686420542040533,0.025848362044160564
S. aureus,OXA,Oxacillin,Penicillins,1.0471975511965976,6,182929.5064772086,8,-0.03739032551268063,0.02515905879038893
S. aureus,OXA,Oxacillin,Penicillins,1.0471975511965976,6,182929.5064772086,9,0.01582435216684511,0.025583442781334845
S. aureus,OXA,Oxacillin,Penicillins,1.0471975511965976,6,182929.5064772086,10,-0.022032789914884776,0.02573283639475981
S. aureus,OXA,Oxacillin,Penicillins,1.0471975511965976,6,182929.5064772086,11,0.006043536737240656,0.026784899272393206
S. aureus,OXA,Oxacillin,Penicillins,1.0471975511965976,6,182929.5064772086,12,0.03919627288994807,0.02671389426866047
S. aureus,OXA,Oxacillin,Penicillins,0.5235987755982988,12,182924.02760588945,1,0.03362106889877779,0.027756956316736272
S. aureus,OXA,Oxacillin,Penicillins,0.5235987755982988,12,182924.02760588945,2,0.0011704911678916778,0.02959713882003764
S. aureus,OXA,Oxacillin,Penicillins,0.5235987755982988,12,182924.02760588945,3,0.03171622109688117,0.027818586139935413
S. aureus,OXA,Oxacillin,Penicillins,0.5235987755982988,12,182924.02760588945,4,5.824228090162125e-4,0.028717817716919603
S. aureus,OXA,Oxacillin,Penicillins,0.5235987755982988,12,182924.02760588945,5,-0.03426557562438532,0.026883769176326303
S. aureus,OXA,Oxacillin,Penicillins,0.5235987755982988,12,182924.02760588945,6,-0.05238947503017758,0.026968086934791153
S. aureus,OXA,Oxacillin,Penicillins,0.5235987755982988,12,182924.02760588945,7,0.013249157448238102,0.025849301183567517
S. aureus,OXA,Oxacillin,Penicillins,0.5235987755982988,12,182924.02760588945,8,-0.03823431857036433,0.025159105379114546
S. aureus,OXA,Oxacillin,Penicillins,0.5235987755982988,12,182924.02760588945,9,0.015506902394543701,0.025583416238719684
S. aureus,OXA,Oxacillin,Penicillins,0.5235987755982988,12,182924.02760588945,10,-0.021797074284105208,0.025732536742569787
S. aureus,OXA,Oxacillin,Penicillins,0.5235987755982988,12,182924.02760588945,11,0.00686157311279279,0.0267846864663023
S. aureus,OXA,Oxacillin,Penicillins,0.5235987755982988,12,182924.02760588945,12,0.04044381910812223,0.026715174691760043
S. aureus,PEN,Penicillin,Penicillins,1.0471975511965976,6,125198.7829862074,1,0.029530458464573067,0.018753520717873118
S. aureus,PEN,Penicillin,Penicillins,1.0471975511965976,6,125198.7829862074,2,-0.022727576356055178,0.020723622272075335
S. aureus,PEN,Penicillin,Penicillins,1.0471975511965976,6,125198.7829862074,3,0.03178125477150891,0.018628399528863665
S. aureus,PEN,Penicillin,Penicillins,1.0471975511965976,6,125198.7829862074,4,-0.02091928306049392,0.020188510761402774
S. aureus,PEN,Penicillin,Penicillins,1.0471975511965976,6,125198.7829862074,5,0.005593624811889173,0.019369988950954094
S. aureus,PEN,Penicillin,Penicillins,1.0471975511965976,6,125198.7829862074,6,-0.028582959396142974,0.019421772971576847
S. aureus,PEN,Penicillin,Penicillins,1.0471975511965976,6,125198.7829862074,7,-0.006239920822033956,0.01829439770890273
S. aureus,PEN,Penicillin,Penicillins,1.0471975511965976,6,125198.7829862074,8,0.008215608598945523,0.018123273518246257
S. aureus,PEN,Penicillin,Penicillins,1.0471975511965976,6,125198.7829862074,9,0.01965812094366852,0.018215726702789845
S. aureus,PEN,Penicillin,Penicillins,1.0471975511965976,6,125198.7829862074,10,-0.03308921873936071,0.019430231416309323
S. aureus,PEN,Penicillin,Penicillins,1.0471975511965976,6,125198.7829862074,11,-0.0011793051192403013,0.019526708368669637
S. aureus,PEN,Penicillin,Penicillins,1.0471975511965976,6,125198.7829862074,12,0.016160898908389343,0.019445646539935905
S. aureus,PEN,Penicillin,Penicillins,0.5235987755982988,12,125198.6501174151,1,0.021029271003532354,0.018753846079683077
S. aureus,PEN,Penicillin,Penicillins,0.5235987755982988,12,125198.6501174151,2,-0.029765459931504472,0.02072326059301951
S. aureus,PEN,Penicillin,Penicillins,0.5235987755982988,12,125198.6501174151,3,0.026118817957249088,0.018628457124087595
S. aureus,PEN,Penicillin,Penicillins,0.5235987755982988,12,125198.6501174151,4,-0.025177667473475645,0.020188656332923965
S. aureus,PEN,Penicillin,Penicillins,0.5235987755982988,12,125198.6501174151,5,0.0024628192678307916,0.019370126287821973
S. aureus,PEN,Penicillin,Penicillins,0.5235987755982988,12,125198.6501174151,6,-0.030041060385349077,0.019421421436098065
S. aureus,PEN,Penicillin,Penicillins,0.5235987755982988,12,125198.6501174151,7,-0.006028389523054915,0.0182945934312847
S. aureus,PEN,Penicillin,Penicillins,0.5235987755982988,12,125198.6501174151,8,0.01012826432994598,0.018123245136449317
S. aureus,PEN,Penicillin,Penicillins,0.5235987755982988,12,125198.6501174151,9,0.02325248090919705,0.01821549219643682
S. aureus,PEN,Penicillin,Penicillins,0.5235987755982988,12,125198.6501174151,10,-0.027795540270689825,0.019430088792896694
S. aureus,PEN,Penicillin,Penicillins,0.5235987755982988,12,125198.6501174151,11,0.0058125362533018275,0.019526723279416864
S. aureus,PEN,Penicillin,Penicillins,0.5235987755982988,12,125198.6501174151,12,0.02478833812265676,0.01944575631343801
S. aureus,TET,Tetracycline,Tetracyclines,1.0471975511965976,6,131731.60745710655,1,0.01285887275386075,0.016060294223637445
S. aureus,TET,Tetracycline,Tetracyclines,1.0471975511965976,6,131731.60745710655,2,0.0035190030617098028,0.01670216277182216
S. aureus,TET,Tetracycline,Tetracyclines,1.0471975511965976,6,131731.60745710655,3,-0.013592927066908844,0.015385126431975737
S. aureus,TET,Tetracycline,Tetracyclines,1.0471975511965976,6,131731.60745710655,4,-0.007051762343449464,0.016209034064504302
S. aureus,TET,Tetracycline,Tetracyclines,1.0471975511965976,6,131731.60745710655,5,0.012548182434398394,0.015702082064081586
S. aureus,TET,Tetracycline,Tetracyclines,1.0471975511965976,6,131731.60745710655,6,-0.015924057226321797,0.015010888813047492
S. aureus,TET,Tetracycline,Tetracyclines,1.0471975511965976,6,131731.60745710655,7,-0.008716043338509958,0.014691198211999752
S. aureus,TET,Tetracycline,Tetracyclines,1.0471975511965976,6,131731.60745710655,8,2.553800571466024e-4,0.014912402077384966
S. aureus,TET,Tetracycline,Tetracyclines,1.0471975511965976,6,131731.60745710655,9,0.0104289287077824,0.015382287147698447
S. aureus,TET,Tetracycline,Tetracyclines,1.0471975511965976,6,131731.60745710655,10,0.008710379928780794,0.015586140375925803
S. aureus,TET,Tetracycline,Tetracyclines,1.0471975511965976,6,131731.60745710655,11,0.002664038829296099,0.015888255938029606
S. aureus,TET,Tetracycline,Tetracyclines,1.0471975511965976,6,131731.60745710655,12,-0.006234593133590099,0.015596697531820998
S. aureus,TET,Tetracycline,Tetracyclines,0.5235987755982988,12,131730.1684884381,1,0.0024765532100548297,0.0160602607138255
S. aureus,TET,Tetracycline,Tetracyclines,0.5235987755982988,12,131730.1684884381,2,-0.004960966339909354,0.016702199792045607
S. aureus,TET,Tetracycline,Tetracyclines,0.5235987755982988,12,131730.1684884381,3,-0.02018960246290528,0.01538512459801158
S. aureus,TET,Tetracycline,Tetracyclines,0.5235987755982988,12,131730.1684884381,4,-0.011747153366337892,0.01620906327885663
S. aureus,TET,Tetracycline,Tetracyclines,0.5235987755982988,12,131730.1684884381,5,0.009597281205549752,0.015702042023037887
S. aureus,TET,Tetracycline,Tetracyclines,0.5235987755982988,12,131730.1684884381,6,-0.016918544053941525,0.015010678971245762
S. aureus,TET,Tetracycline,Tetracyclines,0.5235987755982988,12,131730.1684884381,7,-0.007751471866666383,0.014691236612445799
S. aureus,TET,Tetracycline,Tetracyclines,0.5235987755982988,12,131730.1684884381,8,0.0031746379040994014,0.014912424360802097
S. aureus,TET,Tetracycline,Tetracyclines,0.5235987755982988,12,131730.1684884381,9,0.015297347256900962,0.015382289512704556
S. aureus,TET,Tetracycline,Tetracyclines,0.5235987755982988,12,131730.1684884381,10,0.015521373876751019,0.01558615294285976
S. aureus,TET,Tetracycline,Tetracyclines,0.5235987755982988,12,131730.1684884381,11,0.011433391875090817,0.015888188341506716
S. aureus,TET,Tetracycline,Tetracyclines,0.5235987755982988,12,131730.1684884381,12,0.004449524378056524,0.015596914914380769
